{
	"format_version": "1.8.0",
	"animations": {
		"shift_1": {
			"animation_length": 1.5417,
			"bones": {
				"head": {
					"rotation": {
						"0.0": [0, 0, 0],
						"0.2083": {
							"pre": [30, 0, 0],
							"post": [30, 0, 0],
							"lerp_mode": "catmullrom"
						},
						"0.5": {
							"post": [35, 0, 0],
							"lerp_mode": "catmullrom"
						},
						"0.75": {
							"post": [-17.5, 0, 0],
							"lerp_mode": "catmullrom"
						},
						"1.3333": {
							"post": [-7.5, 0, 0],
							"lerp_mode": "catmullrom"
						},
						"1.5": [0, 0, 0]
					},
					"position": {
						"0.0": [0, 0, 0],
						"1.5": [0, 0, 0]
					},
					"scale": {
						"0.0": [1, 1, 1],
						"1.5": [1, 1, 1]
					}
				},
				"body": {
					"rotation": {
						"0.0": [0, 0, 0],
						"1.5": [0, 0, 0]
					},
					"position": {
						"0.0": [0, 0, 0],
						"1.5": [0, 0, 0]
					},
					"scale": {
						"0.0": [1, 1, 1],
						"1.5": [1, 1, 1]
					}
				},
				"right_arm": {
					"rotation": {
						"0.0": [0, 0, 0],
						"0.2083": {
							"pre": [-143.32251, -67.84202, 53.10055],
							"post": [-143.32251, -67.84202, 53.10055],
							"lerp_mode": "catmullrom"
						},
						"0.5": {
							"post": [-120.8185, -69.18713, 28.61492],
							"lerp_mode": "catmullrom"
						},
						"0.75": {
							"post": [-18.98723, 46.54659, 25.7958],
							"lerp_mode": "catmullrom"
						},
						"1.3333": {
							"post": [-31.48723, 46.54659, 25.7958],
							"lerp_mode": "catmullrom"
						},
						"1.5": [0, 0, 0]
					},
					"position": {
						"0.0": [0, 0, 0],
						"0.2083": {
							"pre": [0, 1, -3],
							"post": [0, 1, -3],
							"lerp_mode": "catmullrom"
						},
						"0.5": {
							"post": [-2, 1, -3],
							"lerp_mode": "catmullrom"
						},
						"0.75": {
							"post": [0, 0, 0.65],
							"lerp_mode": "catmullrom"
						},
						"1.3333": {
							"post": [0, 0, 1],
							"lerp_mode": "catmullrom"
						},
						"1.5": [0, 0, 0]
					},
					"scale": {
						"0.0": [1, 1, 1],
						"1.5": [1, 1, 1]
					}
				},
				"left_arm": {
					"rotation": {
						"0.0": [0, 0, 0],
						"0.2083": {
							"pre": [-153.40331, 85.98871, -66.01695],
							"post": [-153.40331, 85.98871, -66.01695],
							"lerp_mode": "catmullrom"
						},
						"0.5": {
							"post": [-104.23937, 75.26798, -16.45936],
							"lerp_mode": "catmullrom"
						},
						"0.75": {
							"post": [-22.56197, -38.03394, -26.50106],
							"lerp_mode": "catmullrom"
						},
						"1.3333": {
							"post": [-27.56197, -38.03394, -26.50106],
							"lerp_mode": "catmullrom"
						},
						"1.5": [0, 0, 0]
					},
					"position": {
						"0.0": [0, 0, 0],
						"0.2083": {
							"pre": [0, 0, -3],
							"post": [0, 0, -3],
							"lerp_mode": "catmullrom"
						},
						"0.5": {
							"post": [2, 0, -3],
							"lerp_mode": "catmullrom"
						},
						"0.75": {
							"post": [0, 0, 1.3],
							"lerp_mode": "catmullrom"
						},
						"1.3333": {
							"post": [0, 0, 1],
							"lerp_mode": "catmullrom"
						},
						"1.5": [0, 0, 0]
					},
					"scale": {
						"0.0": [1, 1, 1],
						"1.5": [1, 1, 1]
					}
				},
				"right_leg": {
					"rotation": {
						"0.0": [0, 0, 0],
						"0.2083": {
							"pre": [15, 0, 0],
							"post": [15, 0, 0],
							"lerp_mode": "catmullrom"
						},
						"0.5": {
							"post": [12.5, 0, 0],
							"lerp_mode": "catmullrom"
						},
						"0.75": {
							"post": [11.08, 0, 0],
							"lerp_mode": "catmullrom"
						},
						"1.3333": {
							"post": [22.5, 0, 0],
							"lerp_mode": "catmullrom"
						},
						"1.5": [0, 0, 0]
					},
					"position": {
						"0.0": [0, 0, 0],
						"0.2083": {
							"pre": [0, 2, -3],
							"post": [0, 2, -3],
							"lerp_mode": "catmullrom"
						},
						"0.5": {
							"post": [0, 3, -3],
							"lerp_mode": "catmullrom"
						},
						"0.75": {
							"post": [0, 1, -2],
							"lerp_mode": "catmullrom"
						},
						"1.3333": {
							"post": [0, 1, -2],
							"lerp_mode": "catmullrom"
						},
						"1.5": [0, 0, 0]
					},
					"scale": {
						"0.0": [1, 1, 1],
						"1.5": [1, 1, 1]
					}
				},
				"left_leg": {
					"rotation": {
						"0.0": [0, 0, 0],
						"0.2083": {
							"pre": [20, 0, 0],
							"post": [20, 0, 0],
							"lerp_mode": "catmullrom"
						},
						"0.5": {
							"post": [22.5, 0, 0],
							"lerp_mode": "catmullrom"
						},
						"0.75": {
							"post": [10, 0, 0],
							"lerp_mode": "catmullrom"
						},
						"1.3333": {
							"post": [15, 0, 0],
							"lerp_mode": "catmullrom"
						},
						"1.5": [0, 0, 0]
					},
					"position": {
						"0.0": [0, 0, 0],
						"0.2083": {
							"pre": [0, 3, -4],
							"post": [0, 3, -4],
							"lerp_mode": "catmullrom"
						},
						"0.5": {
							"post": [0, 4, -4],
							"lerp_mode": "catmullrom"
						},
						"0.75": {
							"post": [0, 2, -3],
							"lerp_mode": "catmullrom"
						},
						"1.3333": {
							"post": [0, 2, -3],
							"lerp_mode": "catmullrom"
						},
						"1.5": [0, 0, 0]
					},
					"scale": {
						"0.0": [1, 1, 1],
						"1.5": [1, 1, 1]
					}
				}
			}
		}
    }
}